{"cameraMode":{"drawMode":0,"name":"Shaded","section":"Shading Mode"},"sceneLighting":false,"audioPlay":false,"sceneViewState":{"showFog":true,"showMaterialUpdate":false,"showSkybox":true,"showFlares":true,"showImageEffects":true,"showParticleSystems":true},"in2DMode":false,"pivot":{"x":-2.1857926845550539,"y":0.25163745880126955,"z":-1.889547348022461},"rotation":{"x":0.5161865949630737,"y":0.0038542102556675674,"z":-0.00232297508046031,"w":0.8564653992652893},"size":8.826815605163575,"orthographic":false}