{"cameraMode":{"drawMode":0,"name":"Shaded","section":"Shading Mode"},"sceneLighting":false,"audioPlay":false,"sceneViewState":{"showFog":true,"showMaterialUpdate":false,"showSkybox":true,"showFlares":true,"showImageEffects":true,"showParticleSystems":true},"in2DMode":false,"pivot":{"x":-1.3847198486328126,"y":-11.447953224182129,"z":4.169614791870117},"rotation":{"x":0.5110507607460022,"y":-0.0012900438159704209,"z":0.0007678604451939464,"w":0.8595661520957947},"size":15.25329303741455,"orthographic":false}